{
    "p_err": 0.00013136585078981654,
    "p_err_tol": 1e-05,
    "p_passed": false,
    "v_err": 0.001127237427379678,
    "v_err_tol": 1e-05,
    "v_passed": false,
    "q_err": 1.7971170532967428e-05,
    "q_err_tol": 0.0001,
    "q_passed": true,
    "a_b_err": 0.003694951466423134,
    "a_b_err_tol": 1e-05,
    "a_b_passed": false,
    "w_b_err": 4.9627815383436664e-05,
    "w_b_err_tol": 1e-05,
    "w_b_passed": false,
    "g_err": 0.0,
    "g_err_tol": 1e-05,
    "g_passed": true,
    "inno_err": 0.007337806598115748,
    "inno_err_tol": 1e-05,
    "inno_passed": false,
    "cov_err": 3.8770754618490863e-07,
    "cov_err_tol": 1e-05,
    "cov_passed": true,
    "passed": false,
    "test_type": "measurement_update_step"
}