{
    "p_err": 4.68538150060294e-06,
    "p_err_tol": 1e-05,
    "p_passed": true,
    "v_err": 2.0192849659362903e-05,
    "v_err_tol": 1e-05,
    "v_passed": false,
    "q_err": 1.6594080058632679e-06,
    "q_err_tol": 0.0001,
    "q_passed": true,
    "a_b_err": 4.131714156945465e-05,
    "a_b_err_tol": 1e-05,
    "a_b_passed": false,
    "w_b_err": 5.178250034694213e-07,
    "w_b_err_tol": 1e-05,
    "w_b_passed": true,
    "g_err": 0.0,
    "g_err_tol": 1e-05,
    "g_passed": true,
    "inno_err": 0.0007258039659881246,
    "inno_err_tol": 1e-05,
    "inno_passed": false,
    "cov_err": 7.548725793164825e-09,
    "cov_err_tol": 1e-05,
    "cov_passed": true,
    "passed": false,
    "test_type": "measurement_update_step"
}