{
    "p_err": 8.212833589153043e-05,
    "p_err_tol": 1e-05,
    "p_passed": false,
    "v_err": 0.00035419284652914303,
    "v_err_tol": 1e-05,
    "v_passed": false,
    "q_err": 5.060602713341247e-06,
    "q_err_tol": 0.0001,
    "q_passed": true,
    "a_b_err": 0.0007797595799539863,
    "a_b_err_tol": 1e-05,
    "a_b_passed": false,
    "w_b_err": 1.6842526698702442e-06,
    "w_b_err_tol": 1e-05,
    "w_b_passed": true,
    "g_err": 0.0,
    "g_err_tol": 1e-05,
    "g_passed": true,
    "inno_err": 0.009195995780969001,
    "inno_err_tol": 1e-05,
    "inno_passed": false,
    "cov_err": 1.2509305898728683e-08,
    "cov_err_tol": 1e-05,
    "cov_passed": true,
    "passed": false,
    "test_type": "measurement_update_step"
}