{
    "p_err": 9.931525509093879e-05,
    "p_err_tol": 1e-05,
    "p_passed": false,
    "v_err": 0.0004071640778885179,
    "v_err_tol": 1e-05,
    "v_passed": false,
    "q_err": 2.0704013021442196e-06,
    "q_err_tol": 0.0001,
    "q_passed": true,
    "a_b_err": 0.0008274072125154391,
    "a_b_err_tol": 1e-05,
    "a_b_passed": false,
    "w_b_err": 1.1705919166417678e-06,
    "w_b_err_tol": 1e-05,
    "w_b_passed": true,
    "g_err": 0.0,
    "g_err_tol": 1e-05,
    "g_passed": true,
    "inno_err": 0.005198331260042424,
    "inno_err_tol": 1e-05,
    "inno_passed": false,
    "cov_err": 4.959929673671662e-08,
    "cov_err_tol": 1e-05,
    "cov_passed": true,
    "passed": false,
    "test_type": "measurement_update_step"
}