{
    "p_err": 1.8949725443685952e-05,
    "p_err_tol": 1e-05,
    "p_passed": false,
    "v_err": 8.703374986803785e-05,
    "v_err_tol": 1e-05,
    "v_passed": false,
    "q_err": 5.855087878151811e-06,
    "q_err_tol": 0.0001,
    "q_passed": true,
    "a_b_err": 0.0001792035812249609,
    "a_b_err_tol": 1e-05,
    "a_b_passed": false,
    "w_b_err": 3.189236334351843e-06,
    "w_b_err_tol": 1e-05,
    "w_b_passed": true,
    "g_err": 0.0,
    "g_err_tol": 1e-05,
    "g_passed": true,
    "inno_err": 0.002681688117667302,
    "inno_err_tol": 1e-05,
    "inno_passed": false,
    "cov_err": 8.98824257136706e-09,
    "cov_err_tol": 1e-05,
    "cov_passed": true,
    "passed": false,
    "test_type": "measurement_update_step"
}