{
    "computed_rotation": [
        0.03529171551273288,
        0.03305408126347895,
        0.02966308340860763,
        0.9983897154972549
    ],
    "true_rotation": [
        -0.6089224365627388,
        0.23629720048796216,
        0.2741684296479868,
        0.7058390549384514
    ],
    "error": 1.5931605152920505,
    "tol": 0.0001,
    "passed": false,
    "test_type": "complementary_filter_update"
}