{
    "computed_rotation": [
        0.6648230670304233,
        0.2634559331130383,
        -0.2047562526050875,
        -0.6683383408655541
    ],
    "true_rotation": [
        0.6648230670304232,
        0.2634559331130384,
        -0.2047562526050874,
        -0.668338340865554
    ],
    "error": 3.1432500083045437e-16,
    "tol": 0.0001,
    "passed": true,
    "test_type": "complementary_filter_update"
}