{
    "computed_rotation": [
        -0.40913398547830104,
        0.5588644610858808,
        -0.18794999212017435,
        -0.6963868870993017
    ],
    "true_rotation": [
        -0.6089224365627388,
        0.23629720048796216,
        0.2741684296479868,
        0.7058390549384514
    ],
    "error": 2.8164056462297413,
    "tol": 0.0001,
    "passed": false,
    "test_type": "complementary_filter_update"
}