{
    "computed_rotation": [
        0.21807428333438633,
        -0.3317778255700239,
        -0.8080044526153801,
        -0.43531125182097063
    ],
    "true_rotation": [
        -0.08652688291233401,
        -0.23466236808500984,
        0.9671190747074023,
        -0.046123387509035996
    ],
    "error": 1.5841438513220978,
    "tol": 0.0001,
    "passed": false,
    "test_type": "complementary_filter_update"
}