{
    "computed_rotation": [
        -0.6108018861506301,
        0.624131751487569,
        -0.4363663049198679,
        -0.21671423716607321
    ],
    "true_rotation": [
        0.6648230670304232,
        0.2634559331130384,
        -0.2047562526050874,
        -0.668338340865554
    ],
    "error": 3.126678900863045,
    "tol": 0.0001,
    "passed": false,
    "test_type": "complementary_filter_update"
}