{
    "computed_rotation": [
        0.00120671965511903,
        0.0022957898649681573,
        0.9999963800487899,
        -0.0007162861761929794
    ],
    "true_rotation": [
        0.6648230670304232,
        0.2634559331130384,
        -0.2047562526050874,
        -0.668338340865554
    ],
    "error": 2.7330173104171163,
    "tol": 0.0001,
    "passed": false,
    "test_type": "complementary_filter_update"
}