{
    "computed_rotation": [
        -0.002401548260517775,
        0.9998585288768761,
        -0.005222665807536689,
        -0.01580754756387897
    ],
    "true_rotation": [
        -0.08652688291233401,
        -0.23466236808500984,
        0.9671190747074023,
        -0.046123387509035996
    ],
    "error": 2.6594497868037075,
    "tol": 0.0001,
    "passed": false,
    "test_type": "complementary_filter_update"
}