{
    "w_error": 6.170545761967547e-16,
    "t_error": 9.883479487474066e-16,
    "tol": 1e-05,
    "passed": true,
    "test_type": "solve_w_t"
}