{
    "w_error": 1.3873797370111809e-15,
    "t_error": 4.262723541065419e-15,
    "tol": 1e-05,
    "passed": true,
    "test_type": "solve_w_t"
}