{
    "w_error": 4.163336342344337e-17,
    "t_error": 1.436937539831692e-15,
    "tol": 1e-05,
    "passed": true,
    "test_type": "solve_w_t"
}