{
    "w_error": 0.022576989490166205,
    "t_error": 0.3122419229195534,
    "tol": 1e-05,
    "passed": false,
    "test_type": "solve_w_t"
}