{
    "w_error": 4.451180102274417e-16,
    "t_error": 1.5710734600032811e-15,
    "tol": 1e-05,
    "passed": true,
    "test_type": "solve_w_t"
}