{
    "w_error": 0.12289308235373313,
    "t_error": 1.0959839308525257,
    "tol": 1e-05,
    "passed": false,
    "test_type": "solve_w_t"
}