{
    "w_error": 3.056265732929336e-16,
    "t_error": 3.563647296421103e-15,
    "tol": 1e-05,
    "passed": true,
    "test_type": "solve_w_t"
}